{
    "levels":[
        {
            "switches":[
                {
                    "connectedDoors": [0],
                    "position": 0
                }
            ],
            "doors":[
                {
                    "position": "closed"
                }
            ]
        },
        {
            "switches":[
                {
                    "connectedDoors": [0, 1],
                    "position": 0
                },
                {
                    "connectedDoors": [0, 1],
                    "position": 1
                }
            ],
            "doors":[
                {
                    "position": "closed"
                },
                {
                    "position": "open"
                }
            ]
        },
        {
            "switches":[
                {
                    "connectedDoors": [0, 1, 2],
                    "position": 0
                },
                {
                    "connectedDoors": [1],
                    "position": 1
                }
            ],
            "doors":[
                {
                    "position": "closed"
                },
                {
                    "position": "open"
                },
                {
                    "position": "closed"
                }
            ]
        },
        {
            "switches":[
                {
                    "connectedDoors": [2, 1],
                    "position": 0
                },
                {
                    "connectedDoors": [1],
                    "position": 1
                }
            ],
            "doors":[
                {
                    "position": "open"
                },
                {
                    "position": "closed"
                },
                {
                    "position": "closed"
                }
            ]
        }
    ]
}